RowID,Citation,URL_Kind,URL,HTTP_Code,Final_URL,Content_Type,Size_Bytes,Text_Chars,Verdict,Notes
CORE-01,Ryan & Deci — Self-Determination Theory (needs),readable,https://selfdeterminationtheory.org/SDT/documents/2000_RyanDeci_SDT.pdf,200,https://selfdeterminationtheory.org/SDT/documents/2000_RyanDeci_SDT.pdf,application/pdf,2336577,18832,OK_READABLE,"PDF 11p, text layer OK (18832 chars in first 4p)"
CORE-01,Ryan & Deci — Self-Determination Theory (needs),landing,https://selfdeterminationtheory.org/theory/,200,https://selfdeterminationtheory.org/theory/,text/html; charset=UTF-8,19338,11520,OK_HTML,HTML 11520 chars
CORE-02,"Markland, Ryan, Tobin & Rollnick — MI + SDT",readable,https://selfdeterminationtheory.org/SDT/documents/2005_MarklandRyanTobinRollnick_MotivationalInterviewing.pdf,200,https://selfdeterminationtheory.org/SDT/documents/2005_MarklandRyanTobinRollnick_MotivationalInterviewing.pdf,application/pdf,218654,9230,OK_READABLE,"PDF 21p, text layer OK (9230 chars in first 4p)"
CORE-02,"Markland, Ryan, Tobin & Rollnick — MI + SDT",landing,https://pure.ewha.ac.kr/en/publications/motivational-interviewing-and-self-determination-theory/,200,https://pure.ewha.ac.kr/en/publications/motivational-interviewing-and-self-determination-theory/,text/html;charset=UTF-8,8210,6369,OK_LANDING,HTML 6369 chars; markers: ['log in']
CORE-03,"Vansteenkiste, Williams & Resnicow — SDT/MI integration",readable,https://selfdeterminationtheory.org/wp-content/uploads/2014/04/2012_VansteenkisteWilliamsResnicow_InterventionDevelopment_IJBNPA.pdf,200,https://selfdeterminationtheory.org/wp-content/uploads/2014/04/2012_VansteenkisteWilliamsResnicow_InterventionDevelopment_IJBNPA.pdf,application/pdf,299025,18851,OK_READABLE,"PDF 11p, text layer OK (18851 chars in first 4p)"
CORE-03,"Vansteenkiste, Williams & Resnicow — SDT/MI integration",landing,https://link.springer.com/article/10.1186/1479-5868-9-23,200,https://link.springer.com/article/10.1186/1479-5868-9-23,text/html; charset=utf-8,3038,190,BAD_STUB,"HTML stub, only 190 chars; markers: []"
CORE-04,Bandura — Self-efficacy,readable,https://www.uky.edu/~eushe2/Bandura/Bandura1997SE.pdf,302,https://motivation.uky.edu/,,0,0,UNKNOWN,content-type none
CORE-04,Bandura — Self-efficacy,landing,https://psycnet.apa.org/record/1997-08589-000,200,https://psycnet.apa.org/record/1997-08589-000,text/html,1035,77,BAD_STUB,"HTML stub, only 77 chars; markers: []"
CORE-05,"Deci, Koestner & Ryan — extrinsic rewards meta-analysis",readable,https://selfdeterminationtheory.org/wp-content/uploads/2014/04/1999_DeciKoestnerRyan_Meta.pdf,200,https://selfdeterminationtheory.org/wp-content/uploads/2014/04/1999_DeciKoestnerRyan_Meta.pdf,application/pdf,7388022,0,BAD_SCANNED,"PDF 42p, NO text layer (scanned/image-only, needs OCR)"
CORE-05,"Deci, Koestner & Ryan — extrinsic rewards meta-analysis",landing,https://doi.org/10.1037/0033-2909.125.6.627,200,https://doi.apa.org/doi/10.1037/0033-2909.125.6.627,text/html,1033,77,BAD_STUB,"HTML stub, only 77 chars; markers: []"
CORE-06,Frey & Jegen — motivation crowding theory,readable,https://www.bsfrey.ch/articles/C_317_01.pdf,200,https://www.bsfrey.ch/publications/articles/,text/html; charset=UTF-8,86277,61379,OK_LANDING,HTML 61379 chars; markers: ['signin']
CORE-06,Frey & Jegen — motivation crowding theory,landing,https://doi.org/10.1023/A:1017564312479,404,https://doi.org/10.1023/A:1017564312479,text/html;charset=utf-8,3179,0,BAD_DEAD,HTTP 404
CORE-07,"Lepper, Greene & Nisbett — over-justification",readable,https://selfdeterminationtheory.org/SDT/documents/1973_LepperGreeneNisbett.pdf,404,https://selfdeterminationtheory.org/SDT/documents/1973_LepperGreeneNisbett.pdf,text/html,139,0,BAD_DEAD,HTTP 404
CORE-07,"Lepper, Greene & Nisbett — over-justification",landing,https://psycnet.apa.org/doi/10.1037/h0035519,200,https://psycnet.apa.org/doi/10.1037/h0035519,text/html,1033,77,BAD_STUB,"HTML stub, only 77 chars; markers: []"
CORE-08,Reijula & Hertwig — self-nudging & citizen choice architect,readable,https://nudging-for-sdgs.eu/wp-content/uploads/2023/12/Self-nudging-and-the-citizen-choice-architect.pdf,200,https://nudging-for-sdgs.eu/wp-content/uploads/2023/12/Self-nudging-and-the-citizen-choice-architect.pdf,application/pdf,181667,10249,OK_READABLE,"PDF 31p, text layer OK (10249 chars in first 4p)"
CORE-08,Reijula & Hertwig — self-nudging & citizen choice architect,landing,https://researchportal.helsinki.fi/en/publications/self-nudging-and-the-citizen-choice-architect,200,https://researchportal.helsinki.fi/en/publications/self-nudging-and-the-citizen-choice-architect/,text/html;charset=UTF-8,8487,7856,OK_LANDING,"HTML 7856 chars; markers: ['log in', 'signin']"
CORE-09,Carver & Scheier — self-regulation / control theory,readable,https://stuff.mit.edu/afs/athena/course/9/9.00/readings/CarverScheier1982.pdf,404,https://stuff.mit.edu/afs/athena/course/9/9.00/readings/CarverScheier1982.pdf,text/html,4102,0,BAD_DEAD,HTTP 404
CORE-09,Carver & Scheier — self-regulation / control theory,landing,https://doi.org/10.1037/0033-295X.89.2.111,404,https://doi.org/10.1037/0033-295X.89.2.111,text/html;charset=utf-8,3181,0,BAD_DEAD,HTTP 404
CORE-10,Locke & Latham — goal-setting theory,readable,https://home.ubalt.edu/tmitch/642/Articles%20syllabus/Locke%20Latham%202002%20building%20theory%20goal%20setting%20Am%20Psych.pdf,404,https://home.ubalt.edu/tmitch/642/Articles%20syllabus/Locke%20Latham%202002%20building%20theory%20goal%20setting%20Am%20Psych.pdf,text/html,1245,0,BAD_DEAD,HTTP 404
CORE-10,Locke & Latham — goal-setting theory,landing,https://psycnet.apa.org/record/2002-10108-003,200,https://psycnet.apa.org/record/2002-10108-003,text/html,1028,76,BAD_STUB,"HTML stub, only 76 chars; markers: []"
CORE-11,Ordonez et al. — Goals Gone Wild,readable,https://www.hbs.edu/ris/Publication%20Files/09-083.pdf,200,https://www.hbs.edu/ris/Publication%20Files/09-083.pdf,application/pdf;charset=utf-8,184565,3308,OK_READABLE,"PDF 28p, text layer OK (3308 chars in first 4p)"
CORE-11,Ordonez et al. — Goals Gone Wild,landing,https://www.jstor.org/stable/27747490,200,https://www.jstor.org/stable/27747490,text/html; charset=utf-8,3038,190,BAD_STUB,"HTML stub, only 190 chars; markers: []"
CORE-12,Ferster & Skinner — Schedules of Reinforcement,readable,https://archive.org/details/schedulesofreinf0000fers,200,https://archive.org/details/schedulesofreinf0000fers,text/html; charset=UTF-8,50688,6218,OK_LANDING,HTML 6218 chars; markers: ['log in']
CORE-12,Ferster & Skinner — Schedules of Reinforcement,landing,https://www.worldcat.org/title/191941,403,https://www.worldcat.org/title/191941,text/html; charset=UTF-8,3290,0,BAD_BLOCKED,HTTP 403
CORE-13,Staddon & Cerutti — operant conditioning review,readable,https://pmc.ncbi.nlm.nih.gov/articles/PMC1473025/,200,https://pmc.ncbi.nlm.nih.gov/articles/PMC1473025/,text/html; charset=utf-8,8039,143,BAD_STUB,"HTML stub, only 143 chars; markers: ['captcha']"
CORE-13,Staddon & Cerutti — operant conditioning review,landing,https://scholars.duke.edu/publication/915302,200,https://scholars.duke.edu/publication/915302,text/html; charset=utf-8,61011,3437,OK_LANDING,HTML 3437 chars; markers: ['subscribe']
CORE-14,Clark & Chalmers — The Extended Mind,readable,https://consc.net/papers/extended.html,200,https://consc.net/papers/extended.html,text/html,16642,33493,OK_HTML,HTML 33493 chars
CORE-14,Clark & Chalmers — The Extended Mind,landing,https://doi.org/10.1093/019823682X.003.0002,404,https://doi.org/10.1093/019823682X.003.0002,text/html;charset=utf-8,3181,0,BAD_DEAD,HTTP 404
CORE-15,Gross — emotion regulation timeline,readable,https://spl.stanford.edu/pdfs/1998%20Gross%20-%20The%20Emerging%20Field%20of%20Emotion%20Regulation.pdf,404,https://spl.stanford.edu/pdfs/1998%20Gross%20-%20The%20Emerging%20Field%20of%20Emotion%20Regulation.pdf,text/html; charset=UTF-8,33010,0,BAD_DEAD,HTTP 404
CORE-15,Gross — emotion regulation timeline,landing,https://doi.org/10.1037/1089-2680.2.3.271,403,https://journals.sagepub.com/doi/10.1037/1089-2680.2.3.271,text/html; charset=UTF-8,3362,0,BAD_BLOCKED,HTTP 403
CORE-16,Csikszentmihalyi — Flow,readable,https://archive.org/details/flowpsychologyof0000csik,200,https://archive.org/details/flowpsychologyof0000csik,text/html; charset=UTF-8,51181,6246,OK_LANDING,"HTML 6246 chars; markers: ['log in', 'purchase']"
CORE-16,Csikszentmihalyi — Flow,landing,https://www.harpercollins.com/products/flow-mihaly-csikszentmihalyi,200,https://www.harpercollins.com/products/flow-mihaly-csikszentmihalyi,text/html; charset=utf-8,89021,12845,OK_LANDING,"HTML 12845 chars; markers: ['log in', 'login', 'sign in', 'purchase', 'checkout', 'add to cart']"
CORE-17,Kazdin — Single-Case Research Designs,readable,https://archive.org/details/singlecaseresear00alan,200,https://archive.org/details/singlecaseresear00alan,text/html; charset=UTF-8,51965,6453,OK_LANDING,HTML 6453 chars; markers: ['log in']
CORE-17,Kazdin — Single-Case Research Designs,landing,https://books.google.com/books/about/Single_Case_Research_Designs.html?id=RvrTEQAAQBAJ,200,https://books.google.com/books/about/Single_Case_Research_Designs.html?id=RvrTEQAAQBAJ,text/html; charset=UTF-8,91671,4584,OK_LANDING,HTML 4584 chars; markers: ['sign in']
CORE-18,Tate et al. — SCRIBE 2016 reporting guideline,readable,https://www.equator-network.org/reporting-guidelines/scribe-statement/,200,https://www.equator-network.org/reporting-guidelines/scribe-statement/,text/html; charset=UTF-8,12717,3626,OK_HTML,HTML 3626 chars
CORE-18,Tate et al. — SCRIBE 2016 reporting guideline,landing,https://academic.oup.com/ptj/article/96/7/e1/2864911,403,https://academic.oup.com/ptj/article/96/7/e1/2864911,text/html; charset=UTF-8,3303,0,BAD_BLOCKED,HTTP 403
CORE-19,Klasnja et al. — Micro-randomized trials,readable,https://pmc.ncbi.nlm.nih.gov/articles/PMC5820391/,200,https://pmc.ncbi.nlm.nih.gov/articles/PMC5820391/,text/html; charset=utf-8,8042,143,BAD_STUB,"HTML stub, only 143 chars; markers: ['captcha']"
CORE-19,Klasnja et al. — Micro-randomized trials,landing,https://doi.org/10.1016/j.cct.2015.07.003,200,https://linkinghub.elsevier.com/retrieve/pii/S1551714415300392,text/html;charset=UTF-8,2729,11,BAD_STUB,"HTML stub, only 11 chars; markers: []"
CORE-20,Collins — Multiphase Optimization Strategy (MOST),readable,https://methodology.psu.edu/wp-content/uploads/2020/05/Collins-2018-MOST-Overview.pdf,404,https://bpb-us-e1.wpmucdn.com/404.html,text/html,6408,0,BAD_DEAD,HTTP 404
CORE-20,Collins — Multiphase Optimization Strategy (MOST),landing,https://www.springer.com/gp/book/9783319722054,200,https://link.springer.com/book/9783319722054,text/html; charset=utf-8,3038,190,BAD_STUB,"HTML stub, only 190 chars; markers: []"
A1-01,Hui — The Question Concerning Technology in China,readable,https://ia800505.us.archive.org/20/items/cyclonopedia-negarestani-reza/The_Question_Concerning_Technology_in_China--_Yuk_Hui.pdf,200,https://ia800505.us.archive.org/20/items/cyclonopedia-negarestani-reza/The_Question_Concerning_Technology_in_China--_Yuk_Hui.pdf,application/pdf,3839244,184,BAD_SCANNED,"PDF 348p, NO text layer (scanned/image-only, needs OCR)"
A1-01,Hui — The Question Concerning Technology in China,landing,https://brill.com/previewpdf/view/journals/dias/4/3/article-p316_316.xml,200,https://brill.com/previewpdf/view/journals/dias/4/3/article-p316_316.xml,application/pdf,35474,5021,OK_READABLE,"PDF 2p, text layer OK (5021 chars in first 2p)"
A1-02,Hui — Cosmotechnics as Cosmopolitics,readable,https://www.e-flux.com/journal/86/161887/cosmotechnics-as-cosmopolitics/,200,https://www.e-flux.com/journal/86/161887/cosmotechnics-as-cosmopolitics,text/html; charset=utf-8,40757,7314,OK_LANDING,HTML 7314 chars; markers: ['subscribe']
A1-02,Hui — Cosmotechnics as Cosmopolitics,landing,https://digitalmilieu.net/1248/cosmotechnics-as-cosmopolitics/,200,https://digitalmilieu.net/1248/cosmotechnics-as-cosmopolitics/,text/html; charset=UTF-8,98857,4263,OK_HTML,HTML 4263 chars
A1-03,Hui — Art and Cosmotechnics,readable,https://www.e-flux.com/books/327526/art-and-cosmotechnics,200,https://www.e-flux.com/books/327526/art-and-cosmotechnics,text/html; charset=utf-8,19190,4764,OK_LANDING,HTML 4764 chars; markers: ['subscribe']
A1-03,Hui — Art and Cosmotechnics,landing,https://www.upress.umn.edu/9781517909543/art-and-cosmotechnics/,200,https://www.upress.umn.edu/9781517909543/art-and-cosmotechnics/,text/html; charset=UTF-8,21218,4638,OK_HTML,HTML 4638 chars
A1-04,Hui & Lemmens (eds.) — Cosmotechnics (Anthropocene),readable,https://api.pageplace.de/preview/DT0400.9781000396324_A40918824/preview-9781000396324_A40918824.pdf,200,https://api.pageplace.de/preview/DT0400.9781000396324_A40918824/preview-9781000396324_A40918824.pdf,application/pdf,3302064,2075,OK_READABLE,"PDF 17p, text layer OK (2075 chars in first 4p)"
A1-04,Hui & Lemmens (eds.) — Cosmotechnics (Anthropocene),landing,https://www.routledge.com/Cosmotechnics-For-a-Renewed-Concept-of-Technology-in-the-Anthropocene/Hui-Lemmens/p/book/9780367769376,200,https://www.routledge.com/Cosmotechnics-For-a-Renewed-Concept-of-Technology-in-the-Anthropocene/Hui-Lemmens/p/book/9780367769376,text/html; charset=UTF-8,45961,5981,OK_LANDING,"HTML 5981 chars; markers: ['login', 'purchase', 'add to cart']"
A1-05,Simondon — On the Mode of Existence of Technical Objects,readable,https://archive.org/details/onmodeofexistenc0000simo,404,https://archive.org/details/onmodeofexistenc0000simo,text/html; charset=UTF-8,33880,0,BAD_DEAD,HTTP 404
A1-05,Simondon — On the Mode of Existence of Technical Objects,landing,https://www.upress.umn.edu/9781937561031/on-the-mode-of-existence-of-technical-objects/,301,https://www.upress.umn.edu/9781937561031/on-the-mode-of-existence-of-technical-objects/,text/html; charset=UTF-8,0,0,BAD_STUB,"HTML stub, only 0 chars; markers: []"
A1-06,Simondon — Individuation (Form and Information),readable,https://archive.org/details/individuationinl0000simo,404,https://archive.org/details/individuationinl0000simo,text/html; charset=UTF-8,33873,0,BAD_DEAD,HTTP 404
A1-06,Simondon — Individuation (Form and Information),landing,https://www.upress.umn.edu/9781937561048/individuation-in-light-of-notions-of-form-and-information/,200,https://www.upress.umn.edu/9781937561048/archaeology-of-algorithmic-artefacts/,text/html; charset=UTF-8,21522,4543,OK_HTML,HTML 4543 chars
A1-07,Stiegler — Technics and Time v1 (Fault of Epimetheus),readable,https://monoskop.org/images/6/6c/Stiegler_Bernard_Technics_and_Time_1_The_Fault_of_Epimetheus.pdf,404,https://monoskop.org/images/6/6c/Stiegler_Bernard_Technics_and_Time_1_The_Fault_of_Epimetheus.pdf,text/html,167,0,BAD_DEAD,HTTP 404
A1-07,Stiegler — Technics and Time v1 (Fault of Epimetheus),landing,https://www.sup.org/books/title/?id=2213,429,https://www.sup.org/books/title/?id=2213,text/html; charset=utf-8,33798,0,BAD_BLOCKED,HTTP 429
A1-08,Feenberg — Questioning Technology,readable,https://www.sfu.ca/~andrewf/Feenberg_Questioning_Technology.pdf,404,https://www.sfu.ca/~andrewf/Feenberg_Questioning_Technology.pdf,text/html,2461,0,BAD_DEAD,HTTP 404
A1-08,Feenberg — Questioning Technology,landing,https://www.routledge.com/Questioning-Technology/Feenberg/p/book/9780415197552,404,https://www.routledge.com/Questioning-Technology/Feenberg/p/book/9780415197552,text/html; charset=UTF-8,36087,0,BAD_DEAD,HTTP 404
A1-09,Ihde — Technology and the Lifeworld,readable,https://archive.org/details/technologylifewo0000ihde,404,https://archive.org/details/technologylifewo0000ihde,text/html; charset=UTF-8,33877,0,BAD_DEAD,HTTP 404
A1-09,Ihde — Technology and the Lifeworld,landing,https://iupress.org/9780253205605/technology-and-the-lifeworld/,200,https://iupress.org/9780253205605/technology-and-the-lifeworld/,text/html; charset=UTF-8,19093,3676,OK_LANDING,HTML 3676 chars; markers: ['add to cart']
A1-10,Verbeek — What Things Do,readable,https://archive.org/details/whatthingsdophil0000verb,200,https://archive.org/details/whatthingsdophil0000verb,text/html; charset=UTF-8,51419,6615,OK_LANDING,"HTML 6615 chars; markers: ['log in', 'purchase']"
A1-10,Verbeek — What Things Do,landing,https://www.psupress.org/books/titles/0-271-02540-9.html,404,https://www.psupress.org/books/titles/0-271-02540-9.html,text/html,12919,0,BAD_DEAD,HTTP 404
A1-11,Winner — The Whale and the Reactor,readable,https://ratical.org/ratville/AoS/WhaleAndReactor.pdf,200,https://ratical.org/ratville/AoS/WhaleAndReactor.pdf,application/pdf,11136083,125,BAD_SCANNED,"PDF 216p, NO text layer (scanned/image-only, needs OCR)"
A1-11,Winner — The Whale and the Reactor,landing,https://press.uchicago.edu/ucp/books/book/chicago/W/bo5958056.html,404,https://press.uchicago.edu/ucp/books/book/chicago/W/bo5958056.html,text/html;charset=UTF-8,20041,0,BAD_DEAD,HTTP 404
A1-12,Latour — Where Are the Missing Masses?,readable,https://www.bruno-latour.fr/node/258.html,200,https://www.bruno-latour.fr/node/258.html,text/html,19239,3514,OK_HTML,HTML 3514 chars
A1-12,Latour — Where Are the Missing Masses?,landing,https://www.sfu.ca/~andrewf/Latour_MissingMasses.pdf,200,https://www.sfu.ca/~andrewf/Latour_MissingMasses.pdf,application/pdf,1541520,15398,OK_READABLE,"PDF 18p, text layer OK (15398 chars in first 4p)"
A1-13,Borgmann — Technology and the Character of Contemporary Life,readable,https://archive.org/details/technologycharac0000borg,200,https://archive.org/details/technologycharac0000borg,text/html; charset=UTF-8,51097,6255,OK_LANDING,HTML 6255 chars; markers: ['log in']
A1-13,Borgmann — Technology and the Character of Contemporary Life,landing,https://press.uchicago.edu/ucp/books/book/chicago/T/bo3632495.html,404,https://press.uchicago.edu/ucp/books/book/chicago/T/bo3632495.html,text/html;charset=UTF-8,20041,0,BAD_DEAD,HTTP 404
A1-14,Mitcham — Thinking Through Technology,readable,https://archive.org/details/thinkingthrought0000mitc,200,https://archive.org/details/thinkingthrought0000mitc,text/html; charset=UTF-8,50720,6317,OK_LANDING,"HTML 6317 chars; markers: ['log in', 'purchase']"
A1-14,Mitcham — Thinking Through Technology,landing,https://press.uchicago.edu/ucp/books/book/chicago/T/bo3625112.html,404,https://press.uchicago.edu/ucp/books/book/chicago/T/bo3625112.html,text/html;charset=UTF-8,20041,0,BAD_DEAD,HTTP 404
A1-15,Heidegger — The Question Concerning Technology,readable,https://monoskop.org/images/6/67/Heidegger_Martin_1962_1977_The_Question_Concerning_Technology.pdf,200,https://monoskop.org/images/6/67/Heidegger_Martin_1962_1977_The_Question_Concerning_Technology.pdf,application/pdf,918286,7658,OK_READABLE,"PDF 39p, text layer OK (7658 chars in first 4p)"
A1-15,Heidegger — The Question Concerning Technology,landing,https://monoskop.org/images/4/44/Heidegger_Martin_The_Question_Concerning_Technology_and_Other_Essays.pdf,200,https://monoskop.org/images/4/44/Heidegger_Martin_The_Question_Concerning_Technology_and_Other_Essays.pdf,application/pdf,5022693,1324,OK_READABLE,"PDF 214p, text layer OK (1324 chars in first 4p)"
A1-16,Mumford — Technics and Civilization,readable,https://archive.org/details/technicsciviliza0000lewi,200,https://archive.org/details/technicsciviliza0000lewi,text/html; charset=UTF-8,49690,5851,OK_LANDING,HTML 5851 chars; markers: ['log in']
A1-16,Mumford — Technics and Civilization,landing,https://openlibrary.org/books/OL13718419M/Technics_and_civilization.,200,https://openlibrary.org/verify_human?next=/books/OL13718419M/Technics_and_civilization.,text/html; charset=utf-8,6995,1648,OK_LANDING,HTML 1648 chars; markers: ['log in']
A1-17,Ellul — The Technological Society,readable,https://archive.org/details/technologicalsoc0000ellu,200,https://archive.org/details/technologicalsoc0000ellu,text/html; charset=UTF-8,51255,6491,OK_LANDING,HTML 6491 chars; markers: ['log in']
A1-17,Ellul — The Technological Society,landing,https://archive.org/details/JacquesEllulTheTechnologicalSociety,200,https://archive.org/details/JacquesEllulTheTechnologicalSociety,text/html; charset=UTF-8,49835,9033,OK_LANDING,HTML 9033 chars; markers: ['log in']
A1-18,Haraway — A Cyborg Manifesto,readable,https://www.sfu.ca/~decaste/OISE/page2/files/HarawayCyborg.pdf,200,https://www.sfu.ca/~decaste/OISE/page2/files/HarawayCyborg.pdf,application/pdf,454178,12225,OK_READABLE,"PDF 28p, text layer OK (12225 chars in first 4p)"
A1-18,Haraway — A Cyborg Manifesto,landing,https://archive.org/details/anarchy_Cyborg_Manifesto_Harroway,200,https://archive.org/details/anarchy_Cyborg_Manifesto_Harroway,text/html; charset=UTF-8,48288,5943,OK_LANDING,HTML 5943 chars; markers: ['log in']
A1-19,Verbeek — Moralizing Technology,readable,https://archive.org/details/moralizingtechno0000verb,200,https://archive.org/details/moralizingtechno0000verb,text/html; charset=UTF-8,52021,7530,OK_LANDING,"HTML 7530 chars; markers: ['log in', 'signin']"
A1-19,Verbeek — Moralizing Technology,landing,https://press.uchicago.edu/ucp/books/book/chicago/M/bo11309162.html,200,https://press.uchicago.edu/ucp/books/book/chicago/M/bo11309162.html,text/html;charset=UTF-8,11138,5588,OK_LANDING,"HTML 5588 chars; markers: ['signin', 'subscribe']"
A2-01,"Li, Dey & Forlizzi — Stage-Based Model of Personal Informatics",readable,https://www.ianli.com/publications/2010-ianli-chi-stage-based-model.pdf,200,https://www.ianli.com/publications/2010-ianli-chi-stage-based-model.pdf,application/pdf,356610,19288,OK_READABLE,"PDF 10p, text layer OK (19288 chars in first 4p)"
A2-01,"Li, Dey & Forlizzi — Stage-Based Model of Personal Informatics",landing,https://ianli.owlstown.net/publications/17-a-stage-based-model-of-personal-informatics-systems,200,https://ianli.owlstown.net/publications/17-a-stage-based-model-of-personal-informatics-systems,text/html; charset=utf-8,13616,4747,OK_HTML,HTML 4747 chars
A2-02,Lupton — The Quantified Self,readable,https://bpb-us-e2.wpmucdn.com/sites.middlebury.edu/dist/b/5028/files/2020/02/lupton-quantified-self-ch1.pdf,200,https://bpb-us-e2.wpmucdn.com/sites.middlebury.edu/dist/b/5028/files/2020/02/lupton-quantified-self-ch1.pdf,application/pdf,2191386,0,BAD_SCANNED,"PDF 16p, NO text layer (scanned/image-only, needs OCR)"
A2-02,Lupton — The Quantified Self,landing,https://www.perlego.com/book/1536278/the-quantified-self-pdf,200,https://www.perlego.com/book/1536278/the-quantified-self-pdf,text/html; charset=utf-8,43226,4609,OK_LANDING,"HTML 4609 chars; markers: ['login', 'captcha', 'get access']"
A2-03,Neff & Nafus — Self-Tracking,readable,https://archive.org/details/selftracking0000neff,200,https://archive.org/details/selftracking0000neff,text/html; charset=UTF-8,50861,6289,OK_LANDING,"HTML 6289 chars; markers: ['log in', 'purchase']"
A2-03,Neff & Nafus — Self-Tracking,landing,https://mitpress.mit.edu/9780262529129/self-tracking/,403,https://mitpress.mit.edu/9780262529129/self-tracking/,text/html,410,0,BAD_BLOCKED,HTTP 403
A2-04,"Rapp, Cena & Marcengo — QS/PI special issue editorial",readable,https://link.springer.com/content/pdf/10.1007/s00779-017-1093-x.pdf,200,https://link.springer.com/content/pdf/10.1007/s00779-017-1093-x.pdf,text/html; charset=utf-8,3038,190,BAD_STUB,"HTML stub, only 190 chars; markers: []"
A2-04,"Rapp, Cena & Marcengo — QS/PI special issue editorial",landing,https://link.springer.com/article/10.1007/s00779-017-1093-x,200,https://link.springer.com/article/10.1007/s00779-017-1093-x,text/html; charset=utf-8,3038,190,BAD_STUB,"HTML stub, only 190 chars; markers: []"
A2-05,Grinberg — Ethnography of an Interface,readable,https://digitalassets.lib.berkeley.edu/anthpubs/ucb/text/kas061_003-006.pdf,404,https://digitalassets.lib.berkeley.edu/anthpubs/ucb/text/kas061_003-006.pdf,text/html; charset=iso-8859-1,196,0,BAD_DEAD,HTTP 404
A2-05,Grinberg — Ethnography of an Interface,landing,https://escholarship.org/uc/item/0h1008ws,202,https://escholarship.org/uc/item/0h1008ws,text/html; charset=UTF-8,0,0,BAD_STUB,"HTML stub, only 0 chars; markers: []"
A2-06,Sharon — Self-Tracking for Health and the QS,readable,https://www.academia.edu/9958013/Self_Tracking_for_Health_and_the_Quantified_Self_Re_articulating_Autonomy_Solidarity_and_Authenticity_in_an_Age_of_Personalized_Healthcare,403,https://www.academia.edu/9958013/Self_Tracking_for_Health_and_the_Quantified_Self_Re_articulating_Autonomy_Solidarity_and_Authenticity_in_an_Age_of_Personalized_Healthcare,text/html; charset=UTF-8,3540,0,BAD_BLOCKED,HTTP 403
A2-06,Sharon — Self-Tracking for Health and the QS,landing,https://doi.org/10.1007/s10676-016-9405-0,404,https://doi.org/10.1007/s10676-016-9405-0,text/html;charset=utf-8,3178,0,BAD_DEAD,HTTP 404
A2-07,Whittaker — critiques of QS/personal informatics,readable,https://external.dandelon.com/download/attachments/dandelon/ids/CH001C626918F45F6881DC1258006003EC0A8.pdf,200,https://external.dandelon.com/download/attachments/dandelon/ids/CH001C626918F45F6881DC1258006003EC0A8.pdf,application/pdf,49675,424,OK_READABLE,"PDF 2p, text layer OK (424 chars in first 2p)"
A2-07,Whittaker — critiques of QS/personal informatics,landing,https://www.politybooks.com/bookdetail?book_slug=the-quantified-self--9781509500611,200,https://www.politybooks.com/bookdetail?book_slug=the-quantified-self--9781509500611,text/html; charset=utf-8,489,0,BAD_STUB,"HTML stub, only 0 chars; markers: []"
A2-08,Rapp & Tirassa — PI for sport and healthy behavior,readable,https://iris.unito.it/retrieve/handle/2318/1679773/447148/POST-PRINT.pdf,200,https://iris.unito.it/retrieve/handle/2318/1679773/447148/POST-PRINT.pdf,application/pdf;charset=UTF-8,686468,9135,OK_READABLE,"PDF 34p, text layer OK (9135 chars in first 4p)"
A2-08,Rapp & Tirassa — PI for sport and healthy behavior,landing,https://doi.org/10.1145/3196829,403,https://dl.acm.org/doi/10.1145/3196829,text/html; charset=UTF-8,3211,0,BAD_BLOCKED,HTTP 403
A2-09,Elsden et al. — making sense of personal data,readable,https://elsden.me/publications/,200,https://elsden.me/publications/,text/html; charset=UTF-8,23859,6285,OK_LANDING,"HTML 6285 chars; markers: ['log in', 'signin', 'subscribe']"
A2-09,Elsden et al. — making sense of personal data,landing,https://dl.acm.org/doi/10.1145/2858036.2858403,403,https://dl.acm.org/doi/10.1145/2858036.2858403,text/html; charset=UTF-8,3200,0,BAD_BLOCKED,HTTP 403
A2-10,Selke — Lifelogging,readable,https://link.springer.com/content/pdf/10.1007/978-3-658-10416-0.pdf,200,https://link.springer.com/content/pdf/10.1007/978-3-658-10416-0.pdf,text/html; charset=utf-8,3038,190,BAD_STUB,"HTML stub, only 190 chars; markers: []"
A2-10,Selke — Lifelogging,landing,https://link.springer.com/book/10.1007/978-3-658-10416-0,200,https://link.springer.com/book/10.1007/978-3-658-10416-0,text/html; charset=utf-8,3038,190,BAD_STUB,"HTML stub, only 190 chars; markers: []"
A3-01,"Limerick, Coyle & Moore — Experience of Agency in HCI (review)",readable,https://pmc.ncbi.nlm.nih.gov/articles/PMC4140386/,200,https://pmc.ncbi.nlm.nih.gov/articles/PMC4140386/,text/html; charset=utf-8,8038,143,BAD_STUB,"HTML stub, only 143 chars; markers: ['captcha']"
A3-01,"Limerick, Coyle & Moore — Experience of Agency in HCI (review)",landing,https://research.gold.ac.uk/id/eprint/11426/,000,https://research.gold.ac.uk/id/eprint/11426/,,0,0,BAD_UNREACHABLE,connection error
A3-02,"Bennett, Metatla, Roudaut & Mekler — HCI Agency/Autonomy",readable,https://arxiv.org/pdf/2301.12490,200,https://arxiv.org/pdf/2301.12490,application/pdf,803425,20552,OK_READABLE,"PDF 18p, text layer OK (20552 chars in first 4p)"
A3-02,"Bennett, Metatla, Roudaut & Mekler — HCI Agency/Autonomy",landing,https://arxiv.org/abs/2301.12490,200,https://arxiv.org/abs/2301.12490,text/html; charset=utf-8,42523,3901,OK_LANDING,"HTML 3901 chars; markers: ['log in', 'subscribe']"
A3-03,Schroeder et al. — Goal-Directed Self-Tracking,readable,https://dl.acm.org/doi/pdf/10.1145/3242587.3242643,403,https://dl.acm.org/doi/pdf/10.1145/3242587.3242643,text/html; charset=UTF-8,3233,0,BAD_BLOCKED,HTTP 403
A3-03,Schroeder et al. — Goal-Directed Self-Tracking,landing,https://doi.org/10.1145/3242587.3242643,403,https://dl.acm.org/doi/10.1145/3242587.3242643,text/html; charset=UTF-8,3203,0,BAD_BLOCKED,HTTP 403
A3-04,Baumer & Silberman — When the Implication Is Not to Design,readable,https://wtf.tw/ref/baumer.pdf,404,https://wtf.tw/ref/baumer.pdf,text/html; charset=iso-8859-1,355,0,BAD_DEAD,HTTP 404
A3-04,Baumer & Silberman — When the Implication Is Not to Design,landing,https://dl.acm.org/doi/10.1145/2470654.2466455,403,https://dl.acm.org/doi/10.1145/2470654.2466455,text/html; charset=UTF-8,3200,0,BAD_BLOCKED,HTTP 403
A3-05,"Sengers, Boehner, David & Kaye — Reflective Design",readable,https://people.csail.mit.edu/rcm/papers/ReflectiveDesign_CHI2005.pdf,404,https://people.csail.mit.edu/rcm/papers/ReflectiveDesign_CHI2005.pdf,text/html; charset=iso-8859-1,178,0,BAD_DEAD,HTTP 404
A3-05,"Sengers, Boehner, David & Kaye — Reflective Design",landing,https://dl.acm.org/doi/10.1145/1054972.1055012,403,https://dl.acm.org/doi/10.1145/1054972.1055012,text/html; charset=UTF-8,3204,0,BAD_BLOCKED,HTTP 403
A3-06,Bardzell & Bardzell — Humanistic HCI,readable,https://www.morganclaypool.com/doi/pdf/10.2200/S00438ED1V01Y201207HCI015,000,https://www.morganclaypool.com/doi/pdf/10.2200/S00438ED1V01Y201207HCI015,,0,0,BAD_UNREACHABLE,connection error
A3-06,Bardzell & Bardzell — Humanistic HCI,landing,https://doi.org/10.2200/S00438ED1V01Y201207HCI015,404,https://doi.org/10.2200/S00438ED1V01Y201207HCI015,text/html;charset=utf-8,3188,0,BAD_DEAD,HTTP 404
A3-07,Friedman & Kahn — Value Sensitive Design,readable,https://nissenbaum.tech.cornell.edu/papers/Value_Sensitive_Design.pdf,200,https://nissenbaum.tech.cornell.edu/papers/Value_Sensitive_Design.pdf,application/pdf,724333,12522,OK_READABLE,"PDF 27p, text layer OK (12522 chars in first 4p)"
A3-07,Friedman & Kahn — Value Sensitive Design,landing,https://link.springer.com/content/pdf/10.1007/978-94-007-7844-3_4.pdf,200,https://link.springer.com/content/pdf/10.1007/978-94-007-7844-3_4.pdf,text/html; charset=utf-8,3038,190,BAD_STUB,"HTML stub, only 190 chars; markers: []"
A3-08,"Light, Burgess & Duguay — The Walkthrough Method",readable,https://salford-repository.worktribe.com/preview/1493547/The20Walkthrough20Method20-20Final20Pre-print20version1.pdf,403,https://salford-repository.worktribe.com/preview/1493547/The20Walkthrough20Method20-20Final20Pre-print20version1.pdf,text/html; charset=UTF-8,3337,0,BAD_BLOCKED,HTTP 403
A3-08,"Light, Burgess & Duguay — The Walkthrough Method",landing,https://doi.org/10.1177/1461444816675438,403,https://journals.sagepub.com/doi/10.1177/1461444816675438,text/html; charset=UTF-8,3362,0,BAD_BLOCKED,HTTP 403
A3-09,Pierce — Undesigning Technology,landing,https://doi.org/10.1145/2207676.2208540,403,https://dl.acm.org/doi/10.1145/2207676.2208540,text/html; charset=UTF-8,3205,0,BAD_BLOCKED,HTTP 403
A3-10,Rapp & Boldi — open issues in persuasive technologies,readable,https://iris.unito.it/retrieve/handle/2318/2014670/1377111/HCII24-ready-v50-final.pdf,200,https://iris.unito.it/retrieve/handle/2318/2014670/1377111/HCII24-ready-v50-final.pdf,application/pdf;charset=UTF-8,402197,9105,OK_READABLE,"PDF 20p, text layer OK (9105 chars in first 4p)"
A3-10,Rapp & Boldi — open issues in persuasive technologies,landing,https://doi.org/10.1007/978-3-031-60428-7_8,200,https://link.springer.com/10.1007/978-3-031-60428-7_8,text/html; charset=utf-8,3038,190,BAD_STUB,"HTML stub, only 190 chars; markers: []"
A4-01,Kaplan & Kaplan — The Experience of Nature,readable,https://archive.org/details/experienceofnatu0000kapl,200,https://archive.org/details/experienceofnatu0000kapl,text/html; charset=UTF-8,51745,6961,OK_LANDING,HTML 6961 chars; markers: ['log in']
A4-01,Kaplan & Kaplan — The Experience of Nature,landing,https://www.cambridge.org/core/books/experience-of-nature/A378A2C517FB18B356519D1E5025001C,500,https://www.cambridge.org/core/books/experience-of-nature/A378A2C517FB18B356519D1E5025001C,text/html; charset=utf-8,654011,0,BAD_DEAD,HTTP 500
A4-02,"Berman, Jonides & Kaplan — Cognitive Benefits of Nature",readable,https://www.umich.edu/~jlabpsyc/pdf/2008_2.pdf,500,https://shibboleth.umich.edu/idp/profile/oidc/authorize?execution=e1s1,text/html;charset=utf-8,3377,0,BAD_DEAD,HTTP 500
A4-02,"Berman, Jonides & Kaplan — Cognitive Benefits of Nature",landing,https://doi.org/10.1111/j.1467-9280.2008.02225.x,403,https://journals.sagepub.com/doi/10.1111/j.1467-9280.2008.02225.x,text/html; charset=UTF-8,3382,0,BAD_BLOCKED,HTTP 403
A4-03,Scannell & Gifford — Place Attachment (tripartite framework),readable,https://www.researchgate.net/publication/223552061_Defining_place_attachment_A_tripartite_organizing_framework,403,https://www.researchgate.net/publication/223552061_Defining_place_attachment_A_tripartite_organizing_framework,text/html; charset=UTF-8,6966,0,BAD_BLOCKED,HTTP 403
A4-03,Scannell & Gifford — Place Attachment (tripartite framework),landing,https://doi.org/10.1016/j.jenvp.2009.09.006,200,https://linkinghub.elsevier.com/retrieve/pii/S0272494409000620,text/html;charset=UTF-8,2675,11,BAD_STUB,"HTML stub, only 11 chars; markers: []"
A4-04,Menatti et al. — Place Attachment & Landscape Restorativeness,readable,https://repositorio.udd.cl/bitstream/11447/6275/1/Place%20attachment%20and%20identification%20as%20predictors%20of%20expected%20landscape%20restorativeness.pdf,403,https://repositorio.udd.cl/bitstream/11447/6275/1/Place%20attachment%20and%20identification%20as%20predictors%20of%20expected%20landscape%20restorativeness.pdf,text/html,1301,0,BAD_BLOCKED,HTTP 403
A4-04,Menatti et al. — Place Attachment & Landscape Restorativeness,landing,https://doi.org/10.1016/j.jenvp.2019.03.005,200,https://linkinghub.elsevier.com/retrieve/pii/S0272494418304055,text/html;charset=UTF-8,2702,11,BAD_STUB,"HTML stub, only 11 chars; markers: []"
A4-05,Yoon et al. — Perceived Restorativeness & Place Attachment,readable,https://www.frontiersin.org/journals/psychology/articles/10.3389/fpsyg.2023.1201112/pdf,200,https://www.frontiersin.org/journals/psychology/articles/10.3389/fpsyg.2023.1201112/pdf,application/pdf,681539,18900,OK_READABLE,"PDF 14p, text layer OK (18900 chars in first 4p)"
A4-05,Yoon et al. — Perceived Restorativeness & Place Attachment,landing,https://doi.org/10.3389/fpsyg.2023.1201112,200,https://www.frontiersin.org/journals/psychology/articles/10.3389/fpsyg.2023.1201112/full,text/html;charset=utf-8,247702,74888,OK_LANDING,HTML 74888 chars; markers: ['signin']
A4-06,Chang et al. — Place Attachment & Pro-Environmental Intentions,readable,https://pmc.ncbi.nlm.nih.gov/articles/PMC12832409/,200,https://pmc.ncbi.nlm.nih.gov/articles/PMC12832409/,text/html; charset=utf-8,8041,143,BAD_STUB,"HTML stub, only 143 chars; markers: ['captcha']"
A4-06,Chang et al. — Place Attachment & Pro-Environmental Intentions,landing,https://doi.org/10.3389/fpsyg.2025.1678177,200,https://www.frontiersin.org/journals/psychology/articles/10.3389/fpsyg.2025.1678177/full,text/html;charset=utf-8,180053,52829,OK_HTML,HTML 52829 chars
A4-07,Hartig et al. — Perceived Restorativeness Scale,readable,https://blogs.ubc.ca/2017wufor200/files/2017/02/Perceived-Restorativeness-Scale-Hartig-et-al-1997.pdf,200,https://blogs.ubc.ca/2017wufor200/files/2017/02/Perceived-Restorativeness-Scale-Hartig-et-al-1997.pdf,application/pdf,14956,3478,OK_READABLE,"PDF 3p, text layer OK (3478 chars in first 3p)"
A4-07,Hartig et al. — Perceived Restorativeness Scale,landing,https://kipdf.com/validation-of-a-measure-of-perceived-environmental-restorativeness-1_5ac406811723dd66fecf6d6e.html,403,https://kipdf.com/validation-of-a-measure-of-perceived-environmental-restorativeness-1_5ac406811723dd66fecf6d6e.html,text/html; charset=UTF-8,3468,0,BAD_BLOCKED,HTTP 403
A4-08,Korpela — restorative environments & self-regulation,readable,https://aaltodoc.aalto.fi/bitstreams/006d5f9f-b0e8-42fe-accb-15491d28b58e/download,200,https://aaltodoc.aalto.fi/server/api/core/bitstreams/006d5f9f-b0e8-42fe-accb-15491d28b58e/content,application/pdf;charset=UTF-8,562201,16314,OK_READABLE,"PDF 12p, text layer OK (16314 chars in first 4p)"
A4-08,Korpela — restorative environments & self-regulation,landing,https://doi.org/10.1006/jevp.2002.0277,200,https://linkinghub.elsevier.com/retrieve/pii/S027249440290277X,text/html;charset=UTF-8,2689,11,BAD_STUB,"HTML stub, only 11 chars; markers: []"
A4-09,Lewicka — Place Attachment: 40 years,readable,https://docslib.org/doc/6265744/place-attachment-how-far-have-we-come-in-the-last-40-years,200,https://docslib.org/doc/6265744/place-attachment-how-far-have-we-come-in-the-last-40-years,text/html; charset=utf-8,23358,29405,OK_LANDING,HTML 29405 chars; markers: ['log in']
A4-09,Lewicka — Place Attachment: 40 years,landing,https://doi.org/10.1016/j.jenvp.2010.10.001,200,https://linkinghub.elsevier.com/retrieve/pii/S0272494410000861,text/html;charset=UTF-8,2675,11,BAD_STUB,"HTML stub, only 11 chars; markers: []"
A4-10,Gibson — The Ecological Approach to Visual Perception,readable,https://archive.org/details/ecologicalapproa0000gibs,200,https://archive.org/details/ecologicalapproa0000gibs,text/html; charset=UTF-8,50889,6253,OK_LANDING,HTML 6253 chars; markers: ['log in']
A4-10,Gibson — The Ecological Approach to Visual Perception,landing,https://www.routledge.com/The-Ecological-Approach-to-Visual-Perception/Gibson/p/book/9781848725782,200,https://www.routledge.com/The-Ecological-Approach-to-Visual-Perception/Gibson/p/book/9781848725782,text/html; charset=UTF-8,45637,5354,OK_LANDING,"HTML 5354 chars; markers: ['login', 'purchase', 'add to cart']"
A5-01,Varela — Neurophenomenology,readable,https://docslib.org/doc/729945/neurophenomenology-a-methodological-remedy-for-the-hard-problem-francisco-j,200,https://docslib.org/doc/729945/neurophenomenology-a-methodological-remedy-for-the-hard-problem-francisco-j,text/html; charset=utf-8,22748,30293,OK_LANDING,"HTML 30293 chars; markers: ['log in', 'purchase']"
A5-01,Varela — Neurophenomenology,landing,https://www.ingentaconnect.com/content/imp/jcs/1996/00000003/00000004/718,403,https://www.ingentaconnect.com/content/imp/jcs/1996/00000003/00000004/718,text/html; charset=UTF-8,3345,0,BAD_BLOCKED,HTTP 403
A5-02,Petitmengin — Describing Experience in the Second Person,readable,https://clairepetitmengin.fr/AArticles%20versions%20finales/PCS%20-%20Second%20Person.pdf,200,https://clairepetitmengin.fr/AArticles%20versions%20finales/PCS%20-%20Second%20Person.pdf,application/pdf,484117,10577,OK_READABLE,"PDF 41p, text layer OK (10577 chars in first 4p)"
A5-02,Petitmengin — Describing Experience in the Second Person,landing,https://link.springer.com/article/10.1007/s11097-006-9022-2,200,https://link.springer.com/article/10.1007/s11097-006-9022-2,text/html; charset=utf-8,3038,190,BAD_STUB,"HTML stub, only 190 chars; markers: []"
A5-03,Petitmengin et al. — micro-phenomenology studies,readable,https://hal.science/hal-02264833v1/file/PCS%20-%20Article%20analyse.pdf,200,https://hal.science/hal-02264833v1/file/PCS%20-%20Article%20analyse.pdf,text/html; charset=utf-8,5558,1026,OK_HTML,HTML 1026 chars
A5-03,Petitmengin et al. — micro-phenomenology studies,landing,https://doi.org/10.1007/s11097-018-9597-4,200,https://link.springer.com/article/10.1007/s11097-018-9597-4,text/html; charset=utf-8,3038,190,BAD_STUB,"HTML stub, only 190 chars; markers: []"
A5-04,Valenzuela-Moguillansky & Vasquez-Rosati — Analysis Procedure,readable,https://constructivist.info/14/2/123.valenzuela.pdf,200,https://constructivist.info/14/2/123.valenzuela,text/html; charset=utf-8,11080,12379,OK_LANDING,"HTML 12379 chars; markers: ['log in', 'login', 'not logged in']"
A5-04,Valenzuela-Moguillansky & Vasquez-Rosati — Analysis Procedure,landing,https://constructivist.info/14/2/123,200,https://constructivist.info/14/2/123,text/html; charset=utf-8,11110,12254,OK_LANDING,"HTML 12254 chars; markers: ['log in', 'login', 'not logged in']"
A5-05,Hurlburt & Heavey — Descriptive Experience Sampling,readable,http://www.hurlburt.faculty.unlv.edu/hurlburt-akhter-2006.pdf,200,https://www.hurlburt.faculty.unlv.edu/hurlburt-akhter-2006.pdf,application/pdf,355946,10314,OK_READABLE,"PDF 31p, text layer OK (10314 chars in first 4p)"
A5-05,Hurlburt & Heavey — Descriptive Experience Sampling,landing,https://archive.org/details/exploringinnerex0000hurl,200,https://archive.org/details/exploringinnerex0000hurl,text/html; charset=UTF-8,51026,6161,OK_LANDING,HTML 6161 chars; markers: ['log in']
A5-06,Bass-Krueger et al. — DES vs Micro-Phenomenological Interviews,readable,https://www.indecs.eu/2024/indecs2024-pp84-106.pdf,200,https://www.indecs.eu/2024/indecs2024-pp84-106.pdf,application/pdf,798072,11616,OK_READABLE,"PDF 23p, text layer OK (11616 chars in first 4p)"
A5-06,Bass-Krueger et al. — DES vs Micro-Phenomenological Interviews,landing,https://hrcak.srce.hr/en/clanak/454680,200,https://hrcak.srce.hr/en/clanak/454680,text/html; charset=utf-8,5323,3904,OK_LANDING,HTML 3904 chars; markers: ['login']
A5-07,"Depraz, Varela & Vermersch — On Becoming Aware",readable,https://openlibrary.org/books/OL3570652M/On_becoming_aware,200,https://openlibrary.org/verify_human?next=/books/OL3570652M/On_becoming_aware,text/html; charset=utf-8,6986,1648,OK_LANDING,HTML 1648 chars; markers: ['log in']
A5-07,"Depraz, Varela & Vermersch — On Becoming Aware",landing,https://benjamins.com/catalog/aicr.43,200,https://benjamins.com/catalog/aicr.43,text/html;charset=utf-8,136129,44562,OK_LANDING,HTML 44562 chars; markers: ['signin']
A5-08,Csikszentmihalyi & Larson — Experience Sampling Method,readable,https://link.springer.com/content/pdf/10.1007/978-94-017-9088-8_3.pdf,200,https://link.springer.com/content/pdf/10.1007/978-94-017-9088-8_3.pdf,text/html; charset=utf-8,3038,190,BAD_STUB,"HTML stub, only 190 chars; markers: []"
A5-08,Csikszentmihalyi & Larson — Experience Sampling Method,landing,https://doi.org/10.1007/978-94-017-9088-8_3,200,https://link.springer.com/10.1007/978-94-017-9088-8_3,text/html; charset=utf-8,3038,190,BAD_STUB,"HTML stub, only 190 chars; markers: []"
A5-09,Zahavi — Subjectivity and Selfhood,readable,https://direct.mit.edu/books/monograph/2097/Subjectivity-and-SelfhoodInvestigating-the-First,403,https://direct.mit.edu/books/monograph/2097/Subjectivity-and-SelfhoodInvestigating-the-First,text/html; charset=UTF-8,3405,0,BAD_BLOCKED,HTTP 403
A5-09,Zahavi — Subjectivity and Selfhood,landing,https://mitpress.mit.edu/9780262740340/subjectivity-and-selfhood/,403,https://mitpress.mit.edu/9780262740340/subjectivity-and-selfhood/,text/html,426,0,BAD_BLOCKED,HTTP 403
A5-10,Gallagher & Zahavi — The Phenomenological Mind,readable,https://archive.org/details/phenomenological0000gall,200,https://archive.org/details/phenomenological0000gall,text/html; charset=UTF-8,52038,7251,OK_LANDING,HTML 7251 chars; markers: ['log in']
A5-10,Gallagher & Zahavi — The Phenomenological Mind,landing,https://digitalcommons.memphis.edu/facpubs/6410/,200,https://digitalcommons.memphis.edu/facpubs/6410/,text/html; charset=UTF-8,7983,1989,OK_HTML,HTML 1989 chars
A6-01,Laitinen & Sahlgren — AI Systems and Respect for Human Autonomy,readable,https://trepo.tuni.fi/bitstream/handle/10024/220970/AI_systems_Laitinen_Sahlgren.pdf?sequence=1,200,https://trepo.tuni.fi/bitstream/handle/10024/220970/AI_systems_Laitinen_Sahlgren.pdf?sequence=1,text/html; charset=utf-8,2256,1026,OK_HTML,HTML 1026 chars
A6-01,Laitinen & Sahlgren — AI Systems and Respect for Human Autonomy,landing,https://www.frontiersin.org/journals/artificial-intelligence/articles/10.3389/frai.2021.705164/full,200,https://www.frontiersin.org/journals/artificial-intelligence/articles/10.3389/frai.2021.705164/full,text/html;charset=utf-8,177951,85111,OK_LANDING,HTML 85111 chars; markers: ['signin']
A6-02,AI and Human Autonomy: A Literature Review,readable,https://link.springer.com/content/pdf/10.1007/s43681-025-00958-4.pdf,200,https://link.springer.com/content/pdf/10.1007/s43681-025-00958-4.pdf,text/html; charset=utf-8,3038,190,BAD_STUB,"HTML stub, only 190 chars; markers: []"
A6-02,AI and Human Autonomy: A Literature Review,landing,https://link.springer.com/article/10.1007/s43681-025-00958-4,200,https://link.springer.com/article/10.1007/s43681-025-00958-4,text/html; charset=utf-8,3038,190,BAD_STUB,"HTML stub, only 190 chars; markers: []"
A6-03,Shneiderman — Human-Centered AI,readable,https://arxiv.org/pdf/2002.04087,200,https://arxiv.org/pdf/2002.04087,application/pdf,983390,9176,OK_READABLE,"PDF 21p, text layer OK (9176 chars in first 4p)"
A6-03,Shneiderman — Human-Centered AI,landing,https://doi.org/10.1145/3419764,403,https://dl.acm.org/doi/10.1145/3419764,text/html; charset=UTF-8,3185,0,BAD_BLOCKED,HTTP 403
A6-04,"Parasuraman & Riley — Use, Misuse, Disuse, Abuse",readable,https://web.mit.edu/16.459/www/parasuraman.pdf?source=post_page---------------------------,200,https://web.mit.edu/16.459/www/parasuraman.pdf?source=post_page---------------------------,application/pdf,6807613,0,BAD_SCANNED,"PDF 12p, NO text layer (scanned/image-only, needs OCR)"
A6-04,"Parasuraman & Riley — Use, Misuse, Disuse, Abuse",landing,https://doi.org/10.1518/001872097778543886,403,https://journals.sagepub.com/doi/10.1518/001872097778543886,text/html; charset=UTF-8,3361,0,BAD_BLOCKED,HTTP 403
A6-05,"Parasuraman, Sheridan & Wickens — Levels of Automation",readable,https://www.researchgate.net/profile/Raja-Parasuraman/publication/11596569_A_model_for_types_and_levels_of_human_interaction_with_automation_IEEE_Trans_Syst_Man_Cybern_Part_A_Syst_Hum_303_286-297/links/0fcfd50c098e2edd75000000/A-model-for-types-and-levels-of-human-interaction-with-automation-IEEE-Trans-Syst-Man-Cybern-Part-A-Syst-Hum-303-286-297.pdf,403,https://www.researchgate.net/profile/Raja-Parasuraman/publication/11596569_A_model_for_types_and_levels_of_human_interaction_with_automation_IEEE_Trans_Syst_Man_Cybern_Part_A_Syst_Hum_303_286-297/links/0fcfd50c098e2edd75000000/A-model-for-types-and-levels-of-human-interaction-with-automation-IEEE-Trans-Syst-Man-Cybern-Part-A-Syst-Hum-303-286-297.pdf,text/html; charset=UTF-8,6486,0,BAD_BLOCKED,HTTP 403
A6-05,"Parasuraman, Sheridan & Wickens — Levels of Automation",landing,https://ieeexplore.ieee.org/document/844354,202,https://ieeexplore.ieee.org/document/844354,text/html; charset=UTF-8,0,0,BAD_STUB,"HTML stub, only 0 chars; markers: []"
A6-06,Eubanks — Automating Inequality,readable,https://archive.org/details/automatinginequa0000euba,200,https://archive.org/details/automatinginequa0000euba,text/html; charset=UTF-8,51407,7325,OK_LANDING,"HTML 7325 chars; markers: ['log in', 'purchase']"
A6-06,Eubanks — Automating Inequality,landing,https://us.macmillan.com/books/9781250074317/automatinginequality,200,https://us.macmillan.com/books/9781250074317/automatinginequality,text/html; charset=UTF-8,18277,1680,OK_HTML,HTML 1680 chars
A6-07,Nissenbaum — Privacy in Context,readable,https://archive.org/details/privacyincontext0000niss,200,https://archive.org/details/privacyincontext0000niss,text/html; charset=UTF-8,51734,6924,OK_LANDING,"HTML 6924 chars; markers: ['log in', 'purchase']"
A6-07,Nissenbaum — Privacy in Context,landing,https://www.sup.org/books/law/privacy-context,429,https://www.sup.org/books/law/privacy-context,text/html; charset=utf-8,33793,0,BAD_BLOCKED,HTTP 429
A6-08,Mittelstadt et al. — The Ethics of Algorithms,readable,https://www.sfu.ca/~palys/MittelstadtEtAl-2016-TheEthicsOfAlgorithms.pdf,200,https://www.sfu.ca/~palys/MittelstadtEtAl-2016-TheEthicsOfAlgorithms.pdf,application/pdf,259163,16889,OK_READABLE,"PDF 21p, text layer OK (16889 chars in first 4p)"
A6-08,Mittelstadt et al. — The Ethics of Algorithms,landing,https://doi.org/10.1177/2053951716679679,403,https://journals.sagepub.com/doi/10.1177/2053951716679679,text/html; charset=UTF-8,3362,0,BAD_BLOCKED,HTTP 403
A6-09,"Wachter, Mittelstadt & Floridi — transparent/explainable AI",readable,https://discovery.ucl.ac.uk/id/eprint/10038294/,200,https://discovery.ucl.ac.uk/id/eprint/10038294/,text/html; charset=utf-8,8348,1918,OK_HTML,HTML 1918 chars
A6-09,"Wachter, Mittelstadt & Floridi — transparent/explainable AI",landing,https://doi.org/10.1126/scirobotics.aan6080,403,https://www.science.org/doi/10.1126/scirobotics.aan6080,text/html; charset=UTF-8,3231,0,BAD_BLOCKED,HTTP 403
A6-10,Calo — Robotics and the Lessons of Cyberlaw,readable,https://techpolicylab.uw.edu/wp-content/uploads/2018/06/Robotics-Lessons-Cyberlaw-Calo.pdf,200,https://techpolicylab.uw.edu/wp-content/uploads/2018/06/Robotics-Lessons-Cyberlaw-Calo.pdf,application/pdf,848030,8078,OK_READABLE,"PDF 52p, text layer OK (8078 chars in first 4p)"
A6-10,Calo — Robotics and the Lessons of Cyberlaw,landing,https://digitalcommons.law.uw.edu/faculty-articles/23/,200,https://digitalcommons.law.uw.edu/faculty-articles/23/,text/html; charset=UTF-8,8325,2454,OK_HTML,HTML 2454 chars
A7-01,Risko & Gilbert — Cognitive Offloading,readable,https://discovery.ucl.ac.uk/id/eprint/1508770/1/gilbert_TiCS_OFFLOADING_RPS.pdf,200,https://discovery.ucl.ac.uk/id/eprint/1508770/1/gilbert_TiCS_OFFLOADING_RPS.pdf,application/pdf,1381725,4728,OK_READABLE,"PDF 37p, text layer OK (4728 chars in first 4p)"
A7-01,Risko & Gilbert — Cognitive Offloading,landing,https://doi.org/10.1016/j.tics.2016.07.002,200,https://linkinghub.elsevier.com/retrieve/pii/S1364661316300985,text/html;charset=UTF-8,2976,11,BAD_STUB,"HTML stub, only 11 chars; markers: []"
A7-02,"Sparrow, Liu & Wegner — Google Effects on Memory",readable,https://pubmed.ncbi.nlm.nih.gov/21764755/,200,https://pubmed.ncbi.nlm.nih.gov/21764755/,text/html; charset=utf-8,21590,5788,OK_LANDING,HTML 5788 chars; markers: ['log in']
A7-02,"Sparrow, Liu & Wegner — Google Effects on Memory",landing,https://www.science.org/doi/10.1126/science.1207745,403,https://www.science.org/doi/10.1126/science.1207745,text/html; charset=UTF-8,3222,0,BAD_BLOCKED,HTTP 403
A7-03,Zhu et al. — Dependent vs Autonomous Offloading to GenAI,readable,https://www.frontiersin.org/journals/psychology/articles/10.3389/fpsyg.2026.1878629/pdf,200,https://www.frontiersin.org/journals/psychology/articles/10.3389/fpsyg.2026.1878629/pdf,application/pdf,922336,19584,OK_READABLE,"PDF 16p, text layer OK (19584 chars in first 4p)"
A7-03,Zhu et al. — Dependent vs Autonomous Offloading to GenAI,landing,https://pubmed.ncbi.nlm.nih.gov/42534412/,200,https://pubmed.ncbi.nlm.nih.gov/42534412/,text/html; charset=utf-8,23711,8463,OK_LANDING,HTML 8463 chars; markers: ['log in']
A7-04,Chirayath et al. — Cognitive Offloading or Overload?,readable,https://public-pages-files-2025.frontiersin.org/journals/psychology/articles/10.3389/fpsyg.2025.1699320/pdf,200,https://public-pages-files-2025.frontiersin.org/journals/psychology/articles/10.3389/fpsyg.2025.1699320/pdf,application/pdf,176062,20861,OK_READABLE,"PDF 6p, text layer OK (20861 chars in first 4p)"
A7-04,Chirayath et al. — Cognitive Offloading or Overload?,landing,https://doi.org/10.3389/fpsyg.2025.1699320,200,https://www.frontiersin.org/journals/psychology/articles/10.3389/fpsyg.2025.1699320/full,text/html;charset=utf-8,156073,39296,OK_HTML,HTML 39296 chars
A7-05,Molenaar — Regulation of Learning and AI,readable,https://doaj.org/article/e98b82c211794158848a4c1363de1847,403,https://doaj.org/article/e98b82c211794158848a4c1363de1847,text/html; charset=UTF-8,3224,0,BAD_BLOCKED,HTTP 403
A7-05,Molenaar — Regulation of Learning and AI,landing,https://doi.org/10.1016/j.caeai.2022.100070,200,https://linkinghub.elsevier.com/retrieve/pii/S2666920X2200025X,text/html;charset=UTF-8,2731,11,BAD_STUB,"HTML stub, only 11 chars; markers: []"
A7-06,Zimmerman — Self-Regulated Learning,readable,https://www.leiderschapsdomeinen.nl/wp-content/uploads/2016/12/Zimmerman-B.-2002-Becoming-Self-Regulated-Learner.pdf,000,https://www.leiderschapsdomeinen.nl/wp-content/uploads/2016/12/Zimmerman-B.-2002-Becoming-Self-Regulated-Learner.pdf,,0,0,BAD_UNREACHABLE,connection error
A7-06,Zimmerman — Self-Regulated Learning,landing,https://doi.org/10.1207/S15430421TIP4102_2,403,https://www.tandfonline.com/doi/abs/10.1207/s15430421tip4102_2,text/html; charset=UTF-8,3239,0,BAD_BLOCKED,HTTP 403
A7-07,"Salomon, Perkins & Globerson — Partners in Cognition",readable,http://www.acousticslab.org/dots_sample/module5/SalomonEtAl1991.pdf,200,http://www.acousticslab.org/dots_sample/module5/SalomonEtAl1991.pdf,application/pdf,1105763,22636,OK_READABLE,"PDF 8p, text layer OK (22636 chars in first 4p)"
A7-07,"Salomon, Perkins & Globerson — Partners in Cognition",landing,https://doi.org/10.3102/0013189X020003002,403,https://journals.sagepub.com/doi/10.3102/0013189X020003002,text/html; charset=UTF-8,3360,0,BAD_BLOCKED,HTTP 403
A7-08,Kirsh — The Intelligent Use of Space,readable,https://adrenaline.ucsd.edu/kirsh/Articles/Space/intelligent_useof_space.pdf,200,https://adrenaline.ucsd.edu/kirsh/Articles/Space/intelligent_useof_space.pdf,application/pdf,2548782,0,BAD_SCANNED,"PDF 38p, NO text layer (scanned/image-only, needs OCR)"
A7-08,Kirsh — The Intelligent Use of Space,landing,https://adrenaline.ucsd.edu/kirsh/Articles/Space/AIJ1.html,200,https://adrenaline.ucsd.edu/kirsh/Articles/Space/AIJ1.html,text/html,42177,87272,OK_LANDING,HTML 87272 chars; markers: ['checkout']
A7-09,Oulasvirta — offloading and interface design,readable,https://research.aalto.fi/files/42021453/Oulasvirta_Combinatorial_optimization_of_Graphical_user_interface.pdf,403,https://research.aalto.fi/files/42021453/Oulasvirta_Combinatorial_optimization_of_Graphical_user_interface.pdf,text/html; charset=UTF-8,3336,0,BAD_BLOCKED,HTTP 403
A7-09,Oulasvirta — offloading and interface design,landing,https://www.aalto.fi/en/people/antti-oulasvirta,200,https://www.aalto.fi/en/people/antti-oulasvirta,text/html; charset=UTF-8,14876,8280,OK_LANDING,"HTML 8280 chars; markers: ['log in', 'login', 'sign in', 'subscribe']"
A7-10,Recent GenAI & perceived self-regulated learning (empirical),readable,https://www.nature.com/articles/s41599-026-07924-3.pdf,200,https://www.nature.com/articles/s41599-026-07924-3?error=cookies_not_supported&code=5118c10d-6bca-415a-8bae-1be65a2b4719,text/html; charset=utf-8,56289,8820,OK_LANDING,"HTML 8820 chars; markers: ['log in', 'sign in']"
A7-10,Recent GenAI & perceived self-regulated learning (empirical),landing,https://arxiv.org/pdf/2606.08568,200,https://arxiv.org/pdf/2606.08568,application/pdf,719220,8741,OK_READABLE,"PDF 8p, text layer OK (8741 chars in first 4p)"
A8-01,"Hobson, Schroeder, Risen, Xygalatas & Inzlicht — Psychology of Rituals",readable,https://escholarship.org/uc/item/88p7357w,202,https://escholarship.org/uc/item/88p7357w,text/html; charset=UTF-8,0,0,BAD_STUB,"HTML stub, only 0 chars; markers: []"
A8-01,"Hobson, Schroeder, Risen, Xygalatas & Inzlicht — Psychology of Rituals",landing,https://doi.org/10.1177/1088868317734944,403,https://journals.sagepub.com/doi/10.1177/1088868317734944,text/html; charset=UTF-8,3354,0,BAD_BLOCKED,HTTP 403
A8-02,Norton & Gino — Rituals Alleviate Grieving,readable,https://www.hbs.edu/ris/Publication%20Files/norton%20gino%202014_e44eb177-f8f4-4f0d-a458-625c1268b391.pdf,200,https://www.hbs.edu/ris/Publication%20Files/norton%20gino%202014_e44eb177-f8f4-4f0d-a458-625c1268b391.pdf,application/pdf;charset=utf-8,72690,22834,OK_READABLE,"PDF 7p, text layer OK (22834 chars in first 4p)"
A8-02,Norton & Gino — Rituals Alleviate Grieving,landing,https://doi.org/10.1037/a0031772,200,https://doi.apa.org/doi/10.1037/a0031772,text/html,1031,77,BAD_STUB,"HTML stub, only 77 chars; markers: []"
A8-03,Van Gennep — The Rites of Passage,readable,https://archive.org/details/ritesofpassage00genn,200,https://archive.org/details/ritesofpassage00genn,text/html; charset=UTF-8,49818,5938,OK_LANDING,HTML 5938 chars; markers: ['log in']
A8-03,Van Gennep — The Rites of Passage,landing,https://press.uchicago.edu/ucp/books/book/chicago/R/bo5965597.html,404,https://press.uchicago.edu/ucp/books/book/chicago/R/bo5965597.html,text/html;charset=UTF-8,20041,0,BAD_DEAD,HTTP 404
A8-04,Turner — The Ritual Process,readable,https://monoskop.org/images/9/90/Turner_Victor_The_Ritual_Process_Structure_and_Anti-Structure.pdf,200,https://monoskop.org/images/9/90/Turner_Victor_The_Ritual_Process_Structure_and_Anti-Structure.pdf,application/pdf,19212959,3191,OK_READABLE,"PDF 222p, text layer OK (3191 chars in first 4p)"
A8-04,Turner — The Ritual Process,landing,https://archive.org/details/ritualprocess0000unse,200,https://archive.org/details/ritualprocess0000unse,text/html; charset=UTF-8,50890,6168,OK_LANDING,HTML 6168 chars; markers: ['log in']
A8-05,"Bell — Ritual Theory, Ritual Practice",readable,https://web.vu.lt/rstc/a.pazeraite/files/2014/09/Catherine-Bell-Ritual-Theory-Ritual-Practice-Oxford-University-Press-USA-2009.pdf,200,https://web.vu.lt/rstc/a.pazeraite/files/2014/09/Catherine-Bell-Ritual-Theory-Ritual-Practice-Oxford-University-Press-USA-2009.pdf,application/pdf,13019836,118,BAD_SCANNED,"PDF 289p, NO text layer (scanned/image-only, needs OCR)"
A8-05,"Bell — Ritual Theory, Ritual Practice",landing,https://archive.org/details/ritualtheoryritu0000bell,200,https://archive.org/details/ritualtheoryritu0000bell,text/html; charset=UTF-8,51417,7440,OK_LANDING,HTML 7440 chars; markers: ['log in']
A8-06,Xygalatas — Ritual (2022),readable,https://www.xygalatas.com/copy-of-books,200,https://www.xygalatas.com/copy-of-books,text/html; charset=UTF-8,102563,4415,OK_HTML,HTML 4415 chars
A8-06,Xygalatas — Ritual (2022),landing,https://www.littlebrown.com/titles/dimitris-xygalatas/ritual/9780316462403/,200,https://www.hachettebookgroup.com/,text/html; charset=UTF-8,97395,4800,OK_HTML,HTML 4800 chars
A8-07,Tian et al. — Enacting Rituals to Improve Self-Control,readable,https://www.hbs.edu/ris/download.aspx?name=Enacting%20Rituals%20to%20Improve%20Self-Control.pdf,200,https://www.hbs.edu/ris/Publication%20Files/Enacting%20Rituals%20to%20Improve%20Self-Control_a1680de9-d84b-44c6-8db0-01d05f77c2c3.pdf,application/pdf;charset=utf-8,675380,20900,OK_READABLE,"PDF 26p, text layer OK (20900 chars in first 4p)"
A8-07,Tian et al. — Enacting Rituals to Improve Self-Control,landing,https://doi.org/10.1037/pspa0000113,200,https://doi.apa.org/doi/10.1037/pspa0000113,text/html,1032,77,BAD_STUB,"HTML stub, only 77 chars; markers: []"
A8-08,McCauley & Lawson — Bringing Ritual to Mind,readable,https://archive.org/details/bringingritualto0000mcca,200,https://archive.org/details/bringingritualto0000mcca,text/html; charset=UTF-8,51914,7411,OK_LANDING,HTML 7411 chars; markers: ['log in']
A8-08,McCauley & Lawson — Bringing Ritual to Mind,landing,https://www.cambridge.org/core/books/bringing-ritual-to-mind/543934EB852330BA698125F66483B72E,200,https://www.cambridge.org/core/books/bringing-ritual-to-mind/543934EB852330BA698125F66483B72E,text/html; charset=utf-8,176742,10154,OK_LANDING,"HTML 10154 chars; markers: ['log in', 'login', 'get access', 'add to cart']"
A8-09,Durkheim — The Elementary Forms of Religious Life,readable,https://www.gutenberg.org/ebooks/41360,200,https://www.gutenberg.org/ebooks/41360,text/html;charset=utf-8,6675,2342,OK_HTML,HTML 2342 chars
A8-09,Durkheim — The Elementary Forms of Religious Life,landing,https://archive.org/details/elementaryformso00durk,200,https://archive.org/details/elementaryformso00durk,text/html; charset=UTF-8,57704,6504,OK_LANDING,HTML 6504 chars; markers: ['log in']
A8-10,Whitehouse — Modes of Religiosity,readable,https://archive.org/details/modesofreligiosi0000whit,200,https://archive.org/details/modesofreligiosi0000whit,text/html; charset=UTF-8,51521,6734,OK_LANDING,"HTML 6734 chars; markers: ['log in', 'purchase']"
A8-10,Whitehouse — Modes of Religiosity,landing,https://www.harveywhitehouse.com/books/modes-of-religiosity-a-cognitive-theory-of-religious-transmission,200,https://www.harveywhitehouse.com/books/modes-of-religiosity-a-cognitive-theory-of-religious-transmission,text/html;charset=utf-8,27175,4032,OK_HTML,HTML 4032 chars
A9-01,"Mark, Gudith & Klocke — The Cost of Interrupted Work",readable,https://ics.uci.edu/~gmark/chi08-mark.pdf,200,https://ics.uci.edu/~gmark/chi08-mark.pdf,application/pdf,269479,18091,OK_READABLE,"PDF 4p, text layer OK (18091 chars in first 4p)"
A9-01,"Mark, Gudith & Klocke — The Cost of Interrupted Work",landing,https://doi.org/10.1145/1357054.1357072,403,https://dl.acm.org/doi/10.1145/1357054.1357072,text/html; charset=UTF-8,3202,0,BAD_BLOCKED,HTTP 403
A9-02,Gonzalez & Mark — Multi-tasking Craziness (working spheres),readable,https://ics.uci.edu/~gmark/CHI2004.pdf,200,https://ics.uci.edu/~gmark/CHI2004.pdf,application/pdf,491753,18119,OK_READABLE,"PDF 8p, text layer OK (18119 chars in first 4p)"
A9-02,Gonzalez & Mark — Multi-tasking Craziness (working spheres),landing,https://doi.org/10.1145/985692.985707,403,https://dl.acm.org/doi/10.1145/985692.985707,text/html; charset=UTF-8,3202,0,BAD_BLOCKED,HTTP 403
A9-03,"Mark, Gonzalez & Harris — No Task Left Behind?",readable,https://ics.uci.edu/~gmark/CHI2005.pdf,200,https://ics.uci.edu/~gmark/CHI2005.pdf,application/pdf,527752,19371,OK_READABLE,"PDF 10p, text layer OK (19371 chars in first 4p)"
A9-03,"Mark, Gonzalez & Harris — No Task Left Behind?",landing,https://doi.org/10.1145/1054972.1055017,403,https://dl.acm.org/doi/10.1145/1054972.1055017,text/html; charset=UTF-8,3202,0,BAD_BLOCKED,HTTP 403
A9-04,Leroy — Attention Residue,readable,https://www.uwb.edu/business/faculty/sophie-leroy/attention-residue,200,https://www.uwb.edu/business/faculty/sophie-leroy/attention-residue,text/html; charset=UTF-8,62861,7691,OK_LANDING,HTML 7691 chars; markers: ['login']
A9-04,Leroy — Attention Residue,landing,https://doi.org/10.1016/j.obhdp.2009.04.002,200,https://linkinghub.elsevier.com/retrieve/pii/S0749597809000399,text/html;charset=UTF-8,2716,11,BAD_STUB,"HTML stub, only 11 chars; markers: []"
A9-05,"Arnold, Goldschmitt & Rigotti — Information Overload (review)",readable,https://pmc.ncbi.nlm.nih.gov/articles/PMC10322198/,200,https://pmc.ncbi.nlm.nih.gov/articles/PMC10322198/,text/html; charset=utf-8,8041,143,BAD_STUB,"HTML stub, only 143 chars; markers: ['captcha']"
A9-05,"Arnold, Goldschmitt & Rigotti — Information Overload (review)",landing,https://doi.org/10.3389/fpsyg.2023.1122200,200,https://www.frontiersin.org/journals/psychology/articles/10.3389/fpsyg.2023.1122200/full,text/html;charset=utf-8,334251,141271,OK_LANDING,"HTML 141271 chars; markers: ['sign in', 'signin']"
A9-06,Rick et al. — Work Interruptions of Office Workers,readable,https://publications.rwth-aachen.de/record/962254/files/962254.pdf,200,https://publications.rwth-aachen.de/record/962254/files/962254.pdf,text/html; charset=UTF-8,248,0,BAD_STUB,"HTML stub, only 0 chars; markers: []"
A9-06,Rick et al. — Work Interruptions of Office Workers,landing,https://doi.org/10.3233/WOR-220684,403,https://journals.sagepub.com/doi/full/10.3233/WOR-220684,text/html; charset=UTF-8,3358,0,BAD_BLOCKED,HTTP 403
A9-07,Iqbal & Horvitz — Disruption and Recovery of Computing Tasks,readable,http://erichorvitz.com/CHI_2007_Iqbal_Horvitz.pdf,403,http://erichorvitz.com/CHI_2007_Iqbal_Horvitz.pdf,text/html,561,0,BAD_BLOCKED,HTTP 403
A9-07,Iqbal & Horvitz — Disruption and Recovery of Computing Tasks,landing,https://www.microsoft.com/en-us/research/publication/disruption-recovery-computing-tasks-field-study-analysis-directions/,200,https://www.microsoft.com/en-us/research/publication/disruption-recovery-computing-tasks-field-study-analysis-directions/,text/html; charset=UTF-8,29540,6157,OK_LANDING,HTML 6157 chars; markers: ['subscribe']
A9-08,Bailey & Konstan — On the Need for Attention-Aware Systems,readable,https://www.interruptions.net/literature/Bailey-CHB06_1.pdf,200,https://www.interruptions.net/literature/Bailey-CHB06_1.pdf,application/pdf,329901,11438,OK_READABLE,"PDF 24p, text layer OK (11438 chars in first 4p)"
A9-08,Bailey & Konstan — On the Need for Attention-Aware Systems,landing,https://doi.org/10.1016/j.chb.2005.12.009,200,https://linkinghub.elsevier.com/retrieve/pii/S074756320500107X,text/html;charset=UTF-8,2742,11,BAD_STUB,"HTML stub, only 11 chars; markers: []"
A9-09,Microsoft Work Trend Index (reports),readable,https://www.microsoft.com/en-us/worklab/work-trend-index/agents-human-agency-and-the-opportunity-for-every-organization,200,https://www.microsoft.com/en-us/worklab/work-trend-index/agents-human-agency-and-the-opportunity-for-every-organization,text/html,192346,31640,OK_LANDING,HTML 31640 chars; markers: ['signin']
A9-09,Microsoft Work Trend Index (reports),landing,https://www.microsoft.com/en-us/worklab/work-trend-index,200,https://www.microsoft.com/en-us/worklab/work-trend-index,text/html,169612,4227,OK_LANDING,HTML 4227 chars; markers: ['signin']
A9-10,Newport — Deep Work,readable,https://archive.org/details/deepworkrulesfor0000newp,200,https://archive.org/details/deepworkrulesfor0000newp,text/html; charset=UTF-8,51737,7844,OK_LANDING,"HTML 7844 chars; markers: ['log in', 'purchase']"
A9-10,Newport — Deep Work,landing,https://www.hachettebookgroup.com/titles/cal-newport/deep-work/9781455586677/,200,https://www.hachettebookgroup.com/titles/cal-newport/deep-work/9781455586677/,text/html; charset=UTF-8,81076,6775,OK_LANDING,HTML 6775 chars; markers: ['subscribe']
A9-11,Allen — Getting Things Done,readable,https://archive.org/details/gettingthingsdon0000alle_g8s9,200,https://archive.org/details/gettingthingsdon0000alle_g8s9,text/html; charset=UTF-8,51431,6794,OK_LANDING,"HTML 6794 chars; markers: ['log in', 'purchase']"
A9-11,Allen — Getting Things Done,landing,https://gettingthingsdone.com/,200,https://gettingthingsdone.com/,text/html; charset=utf-8,28347,2318,OK_LANDING,"HTML 2318 chars; markers: ['purchase', 'subscribe']"
A10-01,"Chirkov, Ryan, Kim & Kaplan — Autonomy vs Individualism",readable,https://selfdeterminationtheory.org/SDT/documents/2003_ChirkovRyanKimKaplan.pdf,200,https://selfdeterminationtheory.org/SDT/documents/2003_ChirkovRyanKimKaplan.pdf,application/pdf,85095,22990,OK_READABLE,"PDF 14p, text layer OK (22990 chars in first 4p)"
A10-01,"Chirkov, Ryan, Kim & Kaplan — Autonomy vs Individualism",landing,https://doi.org/10.1037/0022-3514.84.1.97,200,https://doi.apa.org/doi/10.1037/0022-3514.84.1.97,text/html,1033,77,BAD_STUB,"HTML stub, only 77 chars; markers: []"
A10-02,"Nalipay, King & Cai — Autonomy Across East and West",readable,https://selfdeterminationtheory.org/wp-content/uploads/2020/02/2020_NalipayaKingbCai_UniversalityofSDT.pdf,200,https://selfdeterminationtheory.org/wp-content/uploads/2020/02/2020_NalipayaKingbCai_UniversalityofSDT.pdf,application/pdf,267552,15268,OK_READABLE,"PDF 6p, text layer OK (15268 chars in first 4p)"
A10-02,"Nalipay, King & Cai — Autonomy Across East and West",landing,https://doi.org/10.1016/j.adolescence.2019.12.009,403,https://onlinelibrary.wiley.com/doi/10.1016/j.adolescence.2019.12.009,text/html; charset=UTF-8,3283,0,BAD_BLOCKED,HTTP 403
A10-03,"Beyers, Soenens & Vansteenkiste — Autonomy in Adolescence",readable,https://selfdeterminationtheory.org/wp-content/uploads/2024/03/2024_BeyersSoenensVansteenkiste_EJODP.pdf,200,https://selfdeterminationtheory.org/wp-content/uploads/2024/03/2024_BeyersSoenensVansteenkiste_EJODP.pdf,application/pdf,1176933,9169,OK_READABLE,"PDF 21p, text layer OK (9169 chars in first 4p)"
A10-03,"Beyers, Soenens & Vansteenkiste — Autonomy in Adolescence",landing,https://doi.org/10.1080/17405629.2024.2330734,403,https://www.tandfonline.com/doi/full/10.1080/17405629.2024.2330734,text/html; charset=UTF-8,3282,0,BAD_BLOCKED,HTTP 403
A10-04,Markus & Kitayama — Culture and the Self,readable,https://web.mit.edu/curhan/www/docs/Articles/15341_Readings/Influence_Compliance/Markus_Kitayama_1991_Culture_and_the_self.pdf,200,https://web.mit.edu/curhan/www/docs/Articles/15341_Readings/Influence_Compliance/Markus_Kitayama_1991_Culture_and_the_self.pdf,application/pdf,3944984,21207,OK_READABLE,"PDF 30p, text layer OK (21207 chars in first 4p)"
A10-04,Markus & Kitayama — Culture and the Self,landing,https://doi.org/10.1037/0033-295X.98.2.224,200,https://doi.apa.org/doi/10.1037/0033-295X.98.2.224,text/html,1033,77,BAD_STUB,"HTML stub, only 77 chars; markers: []"
A10-05,"Henrich, Heine & Norenzayan — The Weirdest People in the World?",readable,https://www2.psych.ubc.ca/~henrich/pdfs/WeirdPeople.pdf,200,https://www2.psych.ubc.ca/~henrich/pdfs/WeirdPeople.pdf,application/pdf,1368406,20029,OK_READABLE,"PDF 75p, text layer OK (20029 chars in first 4p)"
A10-05,"Henrich, Heine & Norenzayan — The Weirdest People in the World?",landing,https://doi.org/10.1017/S0140525X0999152X,200,https://www.cambridge.org/core/journals/behavioral-and-brain-sciences/article/abs/weirdest-people-in-the-world/BF84F7517D56AFF7B7EB58411A554C17,text/html; charset=utf-8,326216,61709,OK_LANDING,"HTML 61709 chars; markers: ['log in', 'login', 'purchase', 'get access']"
A10-06,Schweder — Thinking Through Cultures,readable,https://archive.org/details/thinkingthroughc0000unse,200,https://archive.org/details/thinkingthroughc0000unse,text/html; charset=UTF-8,52093,7295,OK_LANDING,HTML 7295 chars; markers: ['log in']
A10-06,Schweder — Thinking Through Cultures,landing,https://www.hup.harvard.edu/books/9780674884168,200,https://www.hup.harvard.edu/books/9780674884168,text/html; charset=UTF-8,51200,7650,OK_HTML,HTML 7650 chars
A10-07,Nisbett — The Geography of Thought,readable,https://archive.org/details/geographyofthoug00nisb,200,https://archive.org/details/geographyofthoug00nisb,text/html; charset=UTF-8,53232,7748,OK_LANDING,"HTML 7748 chars; markers: ['log in', 'purchase']"
A10-07,Nisbett — The Geography of Thought,landing,https://openlibrary.org/books/OL7927071M/The_Geography_of_Thought,200,https://openlibrary.org/verify_human?next=/books/OL7927071M/The_Geography_of_Thought,text/html; charset=utf-8,6994,1648,OK_LANDING,HTML 1648 chars; markers: ['log in']
A10-08,Technodiversity project / ITS Rio (white paper & library),readable,https://itsrio.org/wp-content/uploads/2016/12/WhitePaper-Technodiversity.pdf,200,https://itsrio.org/wp-content/uploads/2016/12/WhitePaper-Technodiversity.pdf,application/pdf,211838,7465,OK_READABLE,"PDF 15p, text layer OK (7465 chars in first 4p)"
A10-08,Technodiversity project / ITS Rio (white paper & library),landing,https://www.technodiversity.org/white-paper,200,https://www.technodiversity.org/white-paper,text/html; charset=UTF-8,129113,27886,OK_LANDING,HTML 27886 chars; markers: ['signin']
HUI-2024,Hui — Machine and Sovereignty: For a Planetary Thinking,readable,https://philpapers.org/archive/HUIMAS.pdf,403,https://philpapers.org/archive/HUIMAS.pdf,text/html; charset=UTF-8,3210,0,BAD_BLOCKED,HTTP 403
HUI-2024,Hui — Machine and Sovereignty: For a Planetary Thinking,landing,https://manifold.umn.edu/projects/machine-and-sovereignty,200,https://manifold.umn.edu/projects/machine-and-sovereignty,text/html,545349,3843,OK_LANDING,"HTML 3843 chars; markers: ['log in', 'sign in']"
